{"content":[{"id":"583fffed","settings":{"content_width":{"unit":"px","size":1200,"sizes":[]},"background_background":"classic","background_color":"#F1DFD5","padding":{"unit":"px","top":"100","right":"0","bottom":"60","left":"0","isLinked":false},"background_overlay_background":"classic","background_overlay_image":{"url":"https:\/\/www.utilizewp.com\/wp-content\/uploads\/2023\/01\/bg-hero-right.png","id":5161,"alt":"","source":"library"},"background_overlay_position":"bottom right","background_overlay_repeat":"no-repeat","background_overlay_size":"initial","background_overlay_bg_width":{"unit":"%","size":18,"sizes":[]},"background_overlay_opacity":{"unit":"px","size":1,"sizes":[]},"padding_mobile":{"unit":"px","top":"40","right":"0","bottom":"40","left":"0","isLinked":false}},"elements":[{"id":"6937a571","settings":{"_column_size":100,"_inline_size":null,"align":"center","content_position":"center","margin":{"unit":"px","top":"0","right":"0","bottom":"0","left":"0","isLinked":false},"align_mobile":"center"},"elements":[{"id":"5541ac39","settings":{"title":"The best use of social<br> media marketing","align":"center","title_color":"#12141D","typography_typography":"custom","typography_font_family":"Montserrat","typography_font_size":{"unit":"px","size":60,"sizes":[]},"typography_font_weight":"700","typography_line_height":{"unit":"px","size":70,"sizes":[]},"typography_line_height_tablet":{"unit":"px","size":65,"sizes":[]},"typography_line_height_mobile":{"unit":"px","size":55,"sizes":[]},"typography_font_size_tablet":{"unit":"px","size":55,"sizes":[]},"typography_font_size_mobile":{"unit":"px","size":45,"sizes":[]}},"elements":[],"isInner":false,"widgetType":"heading","elType":"widget"},{"id":"616a3471","settings":{"editor":"Social media networks are open to all. Social media is typically used for social interaction and access to news and information, and decision making.","align":"center","text_color":"#41434A","typography_typography":"custom","typography_font_family":"Inter","typography_font_size":{"unit":"px","size":20,"sizes":[]},"typography_font_weight":"400","typography_line_height":{"unit":"px","size":30,"sizes":[]},"typography_line_height_tablet":{"unit":"px","size":"","sizes":[]},"typography_line_height_mobile":{"unit":"px","size":"","sizes":[]},"_margin":{"unit":"px","top":"0","right":"280","bottom":"30","left":"280","isLinked":false},"_margin_tablet":{"unit":"px","top":"0","right":"50","bottom":"0","left":"50","isLinked":false},"_margin_mobile":{"unit":"px","top":"0","right":"10","bottom":"0","left":"10","isLinked":false}},"elements":[],"isInner":false,"widgetType":"text-editor","elType":"widget"},{"id":"674f2c1f","settings":{"text":"Start 14-day Trial","size":"md","typography_typography":"custom","typography_font_family":"Inter","typography_font_size":{"unit":"px","size":16,"sizes":[]},"typography_font_weight":"500","button_text_color":"#FFFFFF","background_color":"#12141D","border_border":"solid","border_color":"#12141D","border_radius":{"unit":"px","top":"5","right":"5","bottom":"5","left":"5","isLinked":true},"_element_width":"auto","_margin":{"unit":"px","top":"0","right":"0","bottom":"0","left":"0","isLinked":false},"hover_animation":"float","custom_css":"selector .elementor-button{\n    box-shadow: none;\n}"},"elements":[],"isInner":false,"widgetType":"button","elType":"widget"},{"id":"512531d6","settings":{"text":"Watch a Demo","size":"md","selected_icon":{"value":"fas fa-play-circle","library":"fa-solid"},"typography_typography":"custom","typography_font_family":"Inter","typography_font_size":{"unit":"px","size":16,"sizes":[]},"typography_font_weight":"500","button_text_color":"#12141D","background_color":"#FFFFFF","border_border":"solid","border_width":{"unit":"px","top":"2","right":"2","bottom":"2","left":"2","isLinked":true},"border_color":"#12141D","border_radius":{"unit":"px","top":"5","right":"5","bottom":"5","left":"5","isLinked":true},"_margin":{"unit":"px","top":"0","right":"0","bottom":"0","left":"15","isLinked":false},"_element_width":"auto","_z_index":1,"hover_animation":"float","_margin_mobile":{"unit":"px","top":"10","right":"0","bottom":"0","left":"0","isLinked":false},"custom_css":"selector .elementor-button{\n    box-shadow: none;\n}"},"elements":[],"isInner":false,"widgetType":"button","elType":"widget"},{"id":"2c0f5516","settings":{"margin":{"unit":"px","top":"0","right":0,"bottom":"0","left":0,"isLinked":false},"padding":{"unit":"px","top":"0","right":"0","bottom":"0","left":"0","isLinked":false}},"elements":[{"id":"7a9f97aa","settings":{"_column_size":100,"_inline_size":null,"content_position":"center","align":"center"},"elements":[{"id":"65c59f41","settings":{"selected_icon":{"value":{"url":"https:\/\/www.utilizewp.com\/wp-content\/uploads\/2023\/01\/trustpilot_edited_3.svg","id":5134},"library":"svg"},"size":{"unit":"px","size":110,"sizes":[]},"_margin":{"unit":"px","top":"-25","right":"0","bottom":"0","left":"0","isLinked":false},"_padding":{"unit":"px","top":"0","right":"0","bottom":"0","left":"0","isLinked":false},"_element_width":"auto"},"elements":[],"isInner":false,"widgetType":"icon","elType":"widget"},{"id":"6f2f583e","settings":{"icon_size":{"unit":"px","size":16,"sizes":[]},"stars_color":"#F59E0B","_margin":{"unit":"px","top":"-25","right":"0","bottom":"0","left":"20","isLinked":false},"_element_width":"auto","icon_space":{"unit":"px","size":3,"sizes":[]}},"elements":[],"isInner":false,"widgetType":"star-rating","elType":"widget"},{"id":"1134cc76","settings":{"editor":"4900+ 5 Stars","text_color":"#41434A","typography_typography":"custom","typography_font_family":"Inter","typography_font_size":{"unit":"px","size":16,"sizes":[]},"typography_font_weight":"400","_margin":{"unit":"px","top":"-25","right":"0","bottom":"0","left":"10","isLinked":false},"_element_width":"auto"},"elements":[],"isInner":false,"widgetType":"text-editor","elType":"widget"},{"id":"6254168e","settings":{"selected_icon":{"value":{"url":"https:\/\/www.utilizewp.com\/wp-content\/uploads\/2023\/01\/shape-1.svg","id":5162},"library":"svg"},"_element_width":"auto","_position":"absolute","_offset_x":{"size":36,"unit":"px"},"_offset_y":{"size":-285,"unit":"px"},"hide_tablet":"hidden-tablet","hide_mobile":"hidden-mobile"},"elements":[],"isInner":false,"widgetType":"icon","elType":"widget"}],"isInner":true,"elType":"column"}],"isInner":true,"elType":"section"}],"isInner":false,"elType":"column"}],"isInner":false,"elType":"section"},{"id":"38db4294","settings":{"content_width":{"unit":"px","size":1200,"sizes":[]},"padding":{"unit":"px","top":"60","right":"0","bottom":"60","left":"0","isLinked":false},"padding_tablet":{"unit":"px","top":"40","right":"0","bottom":"40","left":"0","isLinked":false},"padding_mobile":{"unit":"px","top":"10","right":"0","bottom":"10","left":"0","isLinked":false}},"elements":[{"id":"52371d52","settings":{"_column_size":100,"_inline_size":null,"content_position":"center"},"elements":[{"id":"23b332c2","settings":{"content_width":{"unit":"px","size":1200,"sizes":[]},"content_position":"middle","structure":"20","margin":{"unit":"px","top":"20","right":0,"bottom":"0","left":0,"isLinked":false}},"elements":[{"id":"52748c0d","settings":{"_column_size":50,"_inline_size":null,"content_position":"center","padding":{"unit":"px","top":"0","right":"0","bottom":"0","left":"0","isLinked":false}},"elements":[{"id":"4b228e36","settings":{"title":"Take the lead in smartly<br> social media marketing","align":"left","title_color":"#12141D","typography_typography":"custom","typography_font_family":"Montserrat","typography_font_size":{"unit":"px","size":38,"sizes":[]},"typography_font_weight":"700","typography_line_height":{"unit":"px","size":52,"sizes":[]},"typography_line_height_tablet":{"unit":"px","size":48,"sizes":[]},"typography_line_height_mobile":{"unit":"px","size":39,"sizes":[]},"align_mobile":"center","typography_font_size_tablet":{"unit":"px","size":35,"sizes":[]},"typography_font_size_mobile":{"unit":"px","size":30,"sizes":[]}},"elements":[],"isInner":false,"widgetType":"heading","elType":"widget"}],"isInner":true,"elType":"column"},{"id":"77ab78cf","settings":{"_column_size":50,"_inline_size":null,"content_position":"center","margin":{"unit":"px","top":"0","right":"0","bottom":"0","left":"100","isLinked":false},"padding":{"unit":"px","top":"0","right":"0","bottom":"0","left":"0","isLinked":false},"margin_mobile":{"unit":"px","top":"0","right":"0","bottom":"0","left":"0","isLinked":false}},"elements":[{"id":"2955f306","settings":{"editor":"We offer some special services through which you can easily complete the marketing work on social media. Which helps increase your lead and sales.","align":"left","text_color":"#41434A","typography_typography":"custom","typography_font_family":"Inter","typography_font_size":{"unit":"px","size":18,"sizes":[]},"typography_font_weight":"400","typography_line_height":{"unit":"px","size":30,"sizes":[]},"typography_line_height_tablet":{"unit":"px","size":"","sizes":[]},"typography_line_height_mobile":{"unit":"px","size":"","sizes":[]},"_margin":{"unit":"px","top":"0","right":"0","bottom":"0","left":"0","isLinked":false},"align_mobile":"center","_margin_mobile":{"unit":"px","top":"10","right":"0","bottom":"0","left":"0","isLinked":false},"_padding_mobile":{"unit":"px","top":"0","right":"0","bottom":"0","left":"0","isLinked":false}},"elements":[],"isInner":false,"widgetType":"text-editor","elType":"widget"}],"isInner":true,"elType":"column"}],"isInner":true,"elType":"section"},{"id":"2225ba64","settings":{"content_width":{"unit":"px","size":1200,"sizes":[]},"content_position":"middle","structure":"30","margin":{"unit":"px","top":"60","right":0,"bottom":"60","left":0,"isLinked":true}},"elements":[{"id":"fceb232","settings":{"_column_size":33,"_inline_size":null,"content_position":"center","border_border":"solid","border_width":{"unit":"px","top":"1","right":"1","bottom":"1","left":"1","isLinked":true},"border_color":"#12141D","border_radius":{"unit":"px","top":"15","right":"15","bottom":"15","left":"15","isLinked":true},"margin":{"unit":"px","top":"0","right":"20","bottom":"0","left":"0","isLinked":false},"padding":{"unit":"px","top":"40","right":"40","bottom":"40","left":"40","isLinked":true},"margin_tablet":{"unit":"px","top":"0","right":"10","bottom":"0","left":"0","isLinked":false},"margin_mobile":{"unit":"px","top":"0","right":"0","bottom":"0","left":"0","isLinked":false},"padding_tablet":{"unit":"px","top":"20","right":"20","bottom":"20","left":"20","isLinked":true}},"elements":[{"id":"1f86d295","settings":{"selected_icon":{"value":{"url":"https:\/\/www.utilizewp.com\/wp-content\/uploads\/2023\/01\/icon-5.svg","id":5135},"library":"svg"},"title_text":"Social Media Strategy","description_text":"A social media strategy is a summary of everything you plan to do and hope to achieve on social media.","position":"top","icon_space":{"unit":"px","size":20,"sizes":[]},"text_align":"left","title_bottom_space":{"unit":"px","size":10,"sizes":[]},"title_color":"#12141D","title_typography_typography":"custom","title_typography_font_family":"Inter","title_typography_font_size":{"unit":"px","size":20,"sizes":[]},"title_typography_font_weight":"700","description_color":"#41434A","description_typography_typography":"custom","description_typography_font_family":"Inter","description_typography_font_size":{"unit":"px","size":16,"sizes":[]},"description_typography_font_weight":"400","description_typography_line_height":{"unit":"px","size":24,"sizes":[]},"description_typography_line_height_tablet":{"unit":"px","size":"","sizes":[]},"description_typography_line_height_mobile":{"unit":"px","size":"","sizes":[]}},"elements":[],"isInner":false,"widgetType":"icon-box","elType":"widget"},{"id":"65fd6403","settings":{"text":"Discover More","selected_icon":{"value":"fas fa-arrow-right","library":"fa-solid"},"icon_align":"right","icon_indent":{"unit":"px","size":10,"sizes":[]},"typography_typography":"custom","typography_font_family":"Inter","typography_font_size":{"unit":"px","size":16,"sizes":[]},"typography_font_weight":"600","button_text_color":"#12141D","background_color":"#ADE4B500","text_padding":{"unit":"px","top":"0","right":"0","bottom":"4","left":"0","isLinked":false},"_margin":{"unit":"px","top":"25","right":"0","bottom":"0","left":"0","isLinked":false},"hover_color":"#12141D","button_background_hover_color":"#02010100","button_hover_border_color":"#12141D","border_border":"solid","border_width":{"unit":"px","top":"0","right":"0","bottom":"2","left":"0","isLinked":false},"border_color":"#12141D00","border_radius":{"unit":"px","top":"0","right":"0","bottom":"0","left":"0","isLinked":true},"_margin_tablet":{"unit":"px","top":"10","right":"0","bottom":"0","left":"0","isLinked":false},"custom_css":"selector .elementor-button{\n    box-shadow: none;\n}"},"elements":[],"isInner":false,"widgetType":"button","elType":"widget"}],"isInner":true,"elType":"column"},{"id":"2d8ede48","settings":{"_column_size":33,"_inline_size":null,"content_position":"center","border_border":"solid","border_width":{"unit":"px","top":"1","right":"1","bottom":"1","left":"1","isLinked":true},"border_color":"#12141D","border_radius":{"unit":"px","top":"15","right":"15","bottom":"15","left":"15","isLinked":true},"margin":{"unit":"px","top":"0","right":"10","bottom":"0","left":"10","isLinked":false},"padding":{"unit":"px","top":"40","right":"40","bottom":"40","left":"40","isLinked":true},"margin_tablet":{"unit":"px","top":"0","right":"5","bottom":"0","left":"5","isLinked":false},"margin_mobile":{"unit":"px","top":"10","right":"0","bottom":"0","left":"0","isLinked":false},"padding_tablet":{"unit":"px","top":"20","right":"20","bottom":"20","left":"20","isLinked":true}},"elements":[{"id":"263552ee","settings":{"selected_icon":{"value":{"url":"https:\/\/www.utilizewp.com\/wp-content\/uploads\/2023\/01\/Icon-1.svg","id":5136},"library":"svg"},"title_text":"Digital Marketing Plan","description_text":"Digital marketing is important because it connects a business with its customers & is effective in all industries.","position":"top","icon_space":{"unit":"px","size":20,"sizes":[]},"text_align":"left","title_bottom_space":{"unit":"px","size":10,"sizes":[]},"title_color":"#12141D","title_typography_typography":"custom","title_typography_font_family":"Inter","title_typography_font_size":{"unit":"px","size":20,"sizes":[]},"title_typography_font_weight":"700","description_color":"#41434A","description_typography_typography":"custom","description_typography_font_family":"Inter","description_typography_font_size":{"unit":"px","size":16,"sizes":[]},"description_typography_font_weight":"400","description_typography_line_height":{"unit":"px","size":24,"sizes":[]},"description_typography_line_height_tablet":{"unit":"px","size":"","sizes":[]},"description_typography_line_height_mobile":{"unit":"px","size":"","sizes":[]}},"elements":[],"isInner":false,"widgetType":"icon-box","elType":"widget"},{"id":"40ee7194","settings":{"text":"Discover More","selected_icon":{"value":"fas fa-arrow-right","library":"fa-solid"},"icon_align":"right","icon_indent":{"unit":"px","size":10,"sizes":[]},"typography_typography":"custom","typography_font_family":"Inter","typography_font_size":{"unit":"px","size":16,"sizes":[]},"typography_font_weight":"600","button_text_color":"#12141D","background_color":"#ADE4B500","text_padding":{"unit":"px","top":"0","right":"0","bottom":"4","left":"0","isLinked":false},"_margin":{"unit":"px","top":"25","right":"0","bottom":"0","left":"0","isLinked":false},"hover_color":"#12141D","button_background_hover_color":"#02010100","button_hover_border_color":"#12141D","border_border":"solid","border_width":{"unit":"px","top":"0","right":"0","bottom":"2","left":"0","isLinked":false},"border_color":"#12141D00","border_radius":{"unit":"px","top":"0","right":"0","bottom":"0","left":"0","isLinked":true},"_margin_tablet":{"unit":"px","top":"10","right":"0","bottom":"0","left":"0","isLinked":false},"custom_css":"selector .elementor-button{\n    box-shadow: none;\n}"},"elements":[],"isInner":false,"widgetType":"button","elType":"widget"}],"isInner":true,"elType":"column"},{"id":"1eb79f3f","settings":{"_column_size":33,"_inline_size":null,"content_position":"center","border_border":"solid","border_width":{"unit":"px","top":"1","right":"1","bottom":"1","left":"1","isLinked":true},"border_color":"#12141D","border_radius":{"unit":"px","top":"15","right":"15","bottom":"15","left":"15","isLinked":true},"margin":{"unit":"px","top":"0","right":"0","bottom":"0","left":"20","isLinked":false},"padding":{"unit":"px","top":"40","right":"40","bottom":"40","left":"40","isLinked":true},"margin_tablet":{"unit":"px","top":"0","right":"0","bottom":"0","left":"10","isLinked":false},"margin_mobile":{"unit":"px","top":"10","right":"0","bottom":"0","left":"0","isLinked":false},"padding_tablet":{"unit":"px","top":"20","right":"20","bottom":"20","left":"20","isLinked":true}},"elements":[{"id":"7dd09c5d","settings":{"selected_icon":{"value":{"url":"https:\/\/www.utilizewp.com\/wp-content\/uploads\/2023\/01\/icon-4-1.svg","id":5140},"library":"svg"},"title_text":"Social Media Strategy","description_text":"A social media strategy is a summary of everything you plan to do and hope to achieve on social media.","position":"top","icon_space":{"unit":"px","size":20,"sizes":[]},"text_align":"left","title_bottom_space":{"unit":"px","size":10,"sizes":[]},"title_color":"#12141D","title_typography_typography":"custom","title_typography_font_family":"Inter","title_typography_font_size":{"unit":"px","size":20,"sizes":[]},"title_typography_font_weight":"700","description_color":"#41434A","description_typography_typography":"custom","description_typography_font_family":"Inter","description_typography_font_size":{"unit":"px","size":16,"sizes":[]},"description_typography_font_weight":"400","description_typography_line_height":{"unit":"px","size":24,"sizes":[]},"description_typography_line_height_tablet":{"unit":"px","size":"","sizes":[]},"description_typography_line_height_mobile":{"unit":"px","size":"","sizes":[]}},"elements":[],"isInner":false,"widgetType":"icon-box","elType":"widget"},{"id":"7e0fdc55","settings":{"text":"Discover More","selected_icon":{"value":"fas fa-arrow-right","library":"fa-solid"},"icon_align":"right","icon_indent":{"unit":"px","size":10,"sizes":[]},"typography_typography":"custom","typography_font_family":"Inter","typography_font_size":{"unit":"px","size":16,"sizes":[]},"typography_font_weight":"600","button_text_color":"#12141D","background_color":"#ADE4B500","text_padding":{"unit":"px","top":"0","right":"0","bottom":"4","left":"0","isLinked":false},"_margin":{"unit":"px","top":"25","right":"0","bottom":"0","left":"0","isLinked":false},"hover_color":"#12141D","button_background_hover_color":"#02010100","button_hover_border_color":"#12141D","border_border":"solid","border_width":{"unit":"px","top":"0","right":"0","bottom":"2","left":"0","isLinked":false},"border_color":"#12141D00","border_radius":{"unit":"px","top":"0","right":"0","bottom":"0","left":"0","isLinked":true},"_margin_tablet":{"unit":"px","top":"10","right":"0","bottom":"0","left":"0","isLinked":false},"custom_css":"selector .elementor-button{\n    box-shadow: none;\n}"},"elements":[],"isInner":false,"widgetType":"button","elType":"widget"}],"isInner":true,"elType":"column"}],"isInner":true,"elType":"section"},{"id":"7415c410","settings":{"content_width":{"unit":"px","size":1200,"sizes":[]},"content_position":"middle","structure":"20","margin":{"unit":"px","top":"40","right":0,"bottom":"40","left":0,"isLinked":true}},"elements":[{"id":"2cf41802","settings":{"_column_size":50,"_inline_size":40,"content_position":"center","align":"center","background_background":"classic","background_color":"#86E7B8","background_overlay_background":"classic","background_overlay_image":{"url":"https:\/\/www.utilizewp.com\/wp-content\/uploads\/2023\/01\/bg-green.png","id":5141,"alt":"","source":"library"},"background_overlay_position":"center center","background_overlay_repeat":"no-repeat","background_overlay_size":"initial","background_overlay_bg_width":{"unit":"%","size":65,"sizes":[]},"background_overlay_opacity":{"unit":"px","size":1,"sizes":[]},"border_border":"none","border_width":{"unit":"px","top":"1","right":"1","bottom":"1","left":"1","isLinked":true},"border_color":"#12141D","border_radius":{"unit":"px","top":"20","right":"20","bottom":"20","left":"20","isLinked":true},"margin":{"unit":"px","top":"0","right":"0","bottom":"0","left":"0","isLinked":false},"padding":{"unit":"px","top":"95","right":"120","bottom":"95","left":"120","isLinked":false}},"elements":[{"id":"46605e3b","settings":{"title":"+40%<br> Increased sales","header_size":"h3","align":"center","title_color":"#12141D","typography_typography":"custom","typography_font_family":"Inter","typography_font_size":{"unit":"px","size":14,"sizes":[]},"typography_font_weight":"600","typography_line_height":{"unit":"px","size":18,"sizes":[]},"typography_line_height_tablet":{"unit":"px","size":"","sizes":[]},"typography_line_height_mobile":{"unit":"px","size":"","sizes":[]},"_margin":{"unit":"px","top":"0","right":"0","bottom":"0","left":"0","isLinked":false},"_padding":{"unit":"px","top":"56","right":"20","bottom":"56","left":"20","isLinked":false},"_element_width":"auto","_background_background":"classic","_background_color":"#FFFFFF","_border_border":"solid","_border_width":{"unit":"px","top":"2","right":"2","bottom":"2","left":"2","isLinked":true},"_border_color":"#000000","_border_radius":{"unit":"%","top":"65","right":"65","bottom":"65","left":"65","isLinked":true},"_border_radius_tablet":{"unit":"%","top":"","right":"","bottom":"","left":"","isLinked":true},"_border_radius_mobile":{"unit":"%","top":"","right":"","bottom":"","left":"","isLinked":true},"_padding_tablet":{"unit":"px","top":"0","right":"5","bottom":"0","left":"6","isLinked":false},"_padding_mobile":{"unit":"px","top":"12","right":"0","bottom":"12","left":"0","isLinked":false}},"elements":[],"isInner":false,"widgetType":"heading","elType":"widget"}],"isInner":true,"elType":"column"},{"id":"6cacec7c","settings":{"_column_size":50,"_inline_size":60,"content_position":"center","border_border":"none","border_width":{"unit":"px","top":"1","right":"1","bottom":"1","left":"1","isLinked":true},"border_color":"#12141D","border_radius":{"unit":"px","top":"15","right":"15","bottom":"15","left":"15","isLinked":true},"margin":{"unit":"px","top":"0","right":"0","bottom":"0","left":"90","isLinked":false},"padding":{"unit":"px","top":"0","right":"0","bottom":"0","left":"0","isLinked":true},"margin_mobile":{"unit":"px","top":"0","right":"0","bottom":"0","left":"0","isLinked":false}},"elements":[{"id":"23de547","settings":{"title":"Bring your target users<br> together on social media","align":"left","title_color":"#12141D","typography_typography":"custom","typography_font_family":"Montserrat","typography_font_size":{"unit":"px","size":38,"sizes":[]},"typography_font_weight":"700","typography_line_height":{"unit":"px","size":52,"sizes":[]},"typography_line_height_tablet":{"unit":"px","size":48,"sizes":[]},"typography_line_height_mobile":{"unit":"px","size":40,"sizes":[]},"_margin":{"unit":"px","top":"10","right":"0","bottom":"0","left":"0","isLinked":false},"align_mobile":"center","typography_font_size_tablet":{"unit":"px","size":35,"sizes":[]},"typography_font_size_mobile":{"unit":"px","size":30,"sizes":[]},"_margin_mobile":{"unit":"px","top":"25","right":"0","bottom":"0","left":"0","isLinked":false}},"elements":[],"isInner":false,"widgetType":"heading","elType":"widget"},{"id":"2d4641d2","settings":{"editor":"Social media audience research isn\u2019t complicated. It\u2019s mainly about narrowing your focus while expanding your reach.\n\n<p>We\u2019ve created a free social media audience research template to help you keep track of all the information you learn as you conduct your research.","align":"left","text_color":"#41434A","typography_typography":"custom","typography_font_family":"Inter","typography_font_size":{"unit":"px","size":18,"sizes":[]},"typography_font_weight":"400","typography_line_height":{"unit":"px","size":30,"sizes":[]},"typography_line_height_tablet":{"unit":"px","size":"","sizes":[]},"typography_line_height_mobile":{"unit":"px","size":"","sizes":[]},"_margin":{"unit":"px","top":"0","right":"0","bottom":"0","left":"0","isLinked":false},"_padding":{"unit":"px","top":"0","right":"0","bottom":"0","left":"0","isLinked":false},"align_mobile":"center"},"elements":[],"isInner":false,"widgetType":"text-editor","elType":"widget"}],"isInner":true,"elType":"column"}],"isInner":true,"elType":"section"},{"id":"73c242a0","settings":{"content_width":{"unit":"px","size":1200,"sizes":[]},"content_position":"middle","structure":"20","margin":{"unit":"px","top":"40","right":0,"bottom":"40","left":0,"isLinked":true},"padding_mobile":{"unit":"px","top":"0","right":"0","bottom":"0","left":"0","isLinked":false}},"elements":[{"id":"23aacfc9","settings":{"_column_size":50,"_inline_size":60,"content_position":"center","border_border":"none","border_width":{"unit":"px","top":"1","right":"1","bottom":"1","left":"1","isLinked":true},"border_color":"#12141D","border_radius":{"unit":"px","top":"15","right":"15","bottom":"15","left":"15","isLinked":true},"margin":{"unit":"px","top":"0","right":"160","bottom":"0","left":"0","isLinked":false},"padding":{"unit":"px","top":"0","right":"0","bottom":"0","left":"0","isLinked":true},"margin_mobile":{"unit":"px","top":"0","right":"0","bottom":"0","left":"0","isLinked":false}},"elements":[{"id":"29319353","settings":{"title":"Build your brand & reach<br> out to social followers","align":"left","title_color":"#12141D","typography_typography":"custom","typography_font_family":"Montserrat","typography_font_size":{"unit":"px","size":38,"sizes":[]},"typography_font_weight":"700","typography_line_height":{"unit":"px","size":52,"sizes":[]},"typography_line_height_tablet":{"unit":"px","size":48,"sizes":[]},"typography_line_height_mobile":{"unit":"px","size":40,"sizes":[]},"_margin":{"unit":"px","top":"10","right":"0","bottom":"0","left":"0","isLinked":false},"align_mobile":"center","typography_font_size_tablet":{"unit":"px","size":35,"sizes":[]},"typography_font_size_mobile":{"unit":"px","size":30,"sizes":[]}},"elements":[],"isInner":false,"widgetType":"heading","elType":"widget"},{"id":"3d99697e","settings":{"editor":"Brand awareness is cited as the top priority for marketers, and social media channels are a one-to-many solution for getting the word out about your products and services.\n\n<p>By creating a strong brand presence on social media, you can reach a broader audience &amp; get partners brand advocates to post content. ","align":"left","text_color":"#41434A","typography_typography":"custom","typography_font_family":"Inter","typography_font_size":{"unit":"px","size":18,"sizes":[]},"typography_font_weight":"400","typography_line_height":{"unit":"px","size":30,"sizes":[]},"typography_line_height_tablet":{"unit":"px","size":"","sizes":[]},"typography_line_height_mobile":{"unit":"px","size":"","sizes":[]},"_margin":{"unit":"px","top":"0","right":"0","bottom":"0","left":"0","isLinked":false},"_padding":{"unit":"px","top":"0","right":"0","bottom":"0","left":"0","isLinked":false},"align_mobile":"center"},"elements":[],"isInner":false,"widgetType":"text-editor","elType":"widget"}],"isInner":true,"elType":"column"},{"id":"1e4302ad","settings":{"_column_size":50,"_inline_size":40,"content_position":"center","background_background":"classic","background_color":"#FFACAC","background_overlay_background":"classic","background_overlay_image":{"url":"https:\/\/www.utilizewp.com\/wp-content\/uploads\/2023\/01\/bg-pink_.png","id":5144,"alt":"","source":"library"},"background_overlay_position":"center center","background_overlay_repeat":"no-repeat","background_overlay_size":"cover","background_overlay_bg_width":{"unit":"%","size":55,"sizes":[]},"background_overlay_opacity":{"unit":"px","size":1,"sizes":[]},"border_border":"none","border_width":{"unit":"px","top":"1","right":"1","bottom":"1","left":"1","isLinked":true},"border_color":"#12141D","border_radius":{"unit":"px","top":"15","right":"15","bottom":"15","left":"15","isLinked":true},"margin":{"unit":"px","top":"0","right":"0","bottom":"0","left":"0","isLinked":false},"padding":{"unit":"px","top":"65","right":"120","bottom":"65","left":"120","isLinked":false},"background_overlay_size_tablet":"cover"},"elements":[{"id":"b259bcd","settings":{"image":{"url":"https:\/\/www.utilizewp.com\/wp-content\/uploads\/2023\/01\/sosmed-admin.jpg","id":5158,"alt":"","source":"library"},"width":{"unit":"%","size":100,"sizes":[]},"image_border_radius":{"unit":"%","top":"50","right":"50","bottom":"50","left":"50","isLinked":true},"image_border_radius_tablet":{"unit":"%","top":"","right":"","bottom":"","left":"","isLinked":true},"image_border_radius_mobile":{"unit":"%","top":"","right":"","bottom":"","left":"","isLinked":true},"_margin":{"unit":"px","top":"25","right":"25","bottom":"25","left":"25","isLinked":true},"_padding":{"unit":"px","top":"20","right":"20","bottom":"20","left":"20","isLinked":true},"_background_background":"classic","_background_color":"#FFFFFF","_border_border":"solid","_border_width":{"unit":"px","top":"2","right":"2","bottom":"2","left":"2","isLinked":true},"_border_color":"#12141D","_border_radius":{"unit":"%","top":"50","right":"50","bottom":"50","left":"50","isLinked":true},"_border_radius_tablet":{"unit":"%","top":"","right":"","bottom":"","left":"","isLinked":true},"_border_radius_mobile":{"unit":"%","top":"","right":"","bottom":"","left":"","isLinked":true},"width_tablet":{"unit":"%","size":100,"sizes":[]},"_margin_tablet":{"unit":"px","top":"0","right":"0","bottom":"0","left":"0","isLinked":true},"_padding_tablet":{"unit":"px","top":"4","right":"4","bottom":"4","left":"4","isLinked":true}},"elements":[],"isInner":false,"widgetType":"image","elType":"widget"}],"isInner":true,"elType":"column"}],"isInner":true,"elType":"section"}],"isInner":false,"elType":"column"}],"isInner":false,"elType":"section"},{"id":"53334674","settings":{"content_width":{"unit":"px","size":1200,"sizes":[]},"structure":"40","background_background":"classic","background_color":"#E5EEF5","padding":{"unit":"px","top":"60","right":"0","bottom":"60","left":"0","isLinked":false}},"elements":[{"id":"340f4f0b","settings":{"_column_size":25,"_inline_size":null},"elements":[{"id":"6cf46685","settings":{"ending_number":10,"title":"Year of Experience","number_color":"#12141D","typography_number_typography":"custom","typography_number_font_family":"Montserrat","typography_number_font_size":{"unit":"px","size":52,"sizes":[]},"typography_number_font_weight":"600","title_color":"#41434A","typography_title_typography":"custom","typography_title_font_family":"Inter","typography_title_font_size":{"unit":"px","size":18,"sizes":[]},"typography_title_font_weight":"400"},"elements":[],"isInner":false,"widgetType":"counter","elType":"widget"}],"isInner":false,"elType":"column"},{"id":"3f7e6a30","settings":{"_column_size":25,"_inline_size":null},"elements":[{"id":"33e13514","settings":{"ending_number":30,"suffix":"k+","title":"Social followers","number_color":"#12141D","typography_number_typography":"custom","typography_number_font_family":"Montserrat","typography_number_font_size":{"unit":"px","size":52,"sizes":[]},"typography_number_font_weight":"600","title_color":"#41434A","typography_title_typography":"custom","typography_title_font_family":"Inter","typography_title_font_size":{"unit":"px","size":18,"sizes":[]},"typography_title_font_weight":"400","counter-title":"Social Followers"},"elements":[],"isInner":false,"widgetType":"counter","elType":"widget"}],"isInner":false,"elType":"column"},{"id":"15eb31b1","settings":{"_column_size":25,"_inline_size":null},"elements":[{"id":"97ad4fb","settings":{"ending_number":6000,"suffix":"+","title":"Projects Completed","number_color":"#12141D","typography_number_typography":"custom","typography_number_font_family":"Montserrat","typography_number_font_size":{"unit":"px","size":52,"sizes":[]},"typography_number_font_weight":"600","title_color":"#41434A","typography_title_typography":"custom","typography_title_font_family":"Inter","typography_title_font_size":{"unit":"px","size":18,"sizes":[]},"typography_title_font_weight":"400"},"elements":[],"isInner":false,"widgetType":"counter","elType":"widget"}],"isInner":false,"elType":"column"},{"id":"7acda15","settings":{"_column_size":25,"_inline_size":null},"elements":[{"id":"7dbadcae","settings":{"ending_number":82,"suffix":"k+","title":"Social Profiles","number_color":"#12141D","typography_number_typography":"custom","typography_number_font_family":"Montserrat","typography_number_font_size":{"unit":"px","size":52,"sizes":[]},"typography_number_font_weight":"600","title_color":"#41434A","typography_title_typography":"custom","typography_title_font_family":"Inter","typography_title_font_size":{"unit":"px","size":18,"sizes":[]},"typography_title_font_weight":"400"},"elements":[],"isInner":false,"widgetType":"counter","elType":"widget"}],"isInner":false,"elType":"column"}],"isInner":false,"elType":"section"},{"id":"59a7115b","settings":{"structure":"20","content_width":{"unit":"px","size":1200,"sizes":[]},"padding":{"unit":"px","top":"90","right":"0","bottom":"90","left":"0","isLinked":false},"padding_tablet":{"unit":"px","top":"20","right":"10","bottom":"20","left":"10","isLinked":false}},"elements":[{"id":"2559f244","settings":{"_column_size":50,"_inline_size":40,"background_background":"classic","background_color":"#86E7B8","border_radius":{"unit":"px","top":"20","right":"20","bottom":"20","left":"20","isLinked":true},"padding":{"unit":"px","top":"20","right":"20","bottom":"20","left":"20","isLinked":false}},"elements":[{"id":"7e71b05","settings":{"youtube_url":"https:\/\/www.youtube.com\/watch?v=XHOmBV4js_E","vimeo_url":"https:\/\/vimeo.com\/235215203","dailymotion_url":"https:\/\/www.dailymotion.com\/video\/x6tqhqb","show_image_overlay":"yes","image_overlay":{"url":"https:\/\/www.utilizewp.com\/wp-content\/uploads\/2023\/01\/cherrydeck-rMILC1PIwM0-unsplash.jpg","id":5151,"alt":"","source":"library"},"play_icon":{"value":"fas fa-play-circle","library":"fa-solid"},"aspect_ratio":"43","play_icon_color":"#FFFFFF","_margin":{"unit":"px","top":"25","right":"55","bottom":"0","left":"55","isLinked":false},"_padding":{"unit":"px","top":"0","right":"0","bottom":"0","left":"0","isLinked":false},"_border_border":"solid","_border_width":{"unit":"px","top":"4","right":"4","bottom":"4","left":"4","isLinked":true},"_border_color":"#12141D","_border_radius":{"unit":"px","top":"20","right":"20","bottom":"20","left":"20","isLinked":true}},"elements":[],"isInner":false,"widgetType":"video","elType":"widget"},{"id":"374a07cb","settings":{"text":"Watch a Demo","selected_icon":{"value":"fas fa-play-circle","library":"fa-solid"},"typography_typography":"custom","typography_font_family":"Inter","typography_font_size":{"unit":"px","size":16,"sizes":[]},"typography_font_weight":"500","button_text_color":"#12141D","background_color":"#FFFFFF","border_border":"solid","border_width":{"unit":"px","top":"2","right":"2","bottom":"2","left":"2","isLinked":true},"border_color":"#12141D","border_radius":{"unit":"px","top":"5","right":"5","bottom":"5","left":"5","isLinked":true},"_margin":{"unit":"px","top":"0","right":"0","bottom":"0","left":"15","isLinked":false},"_z_index":1,"align":"center","hover_animation":"float","custom_css":"selector .elementor-button{\n    box-shadow: none;\n}"},"elements":[],"isInner":false,"widgetType":"button","elType":"widget"},{"id":"3db71e43","settings":{"selected_icon":{"value":{"url":"https:\/\/www.utilizewp.com\/wp-content\/uploads\/2023\/01\/Vector-13.svg","id":5159},"library":"svg"},"size":{"unit":"px","size":161,"sizes":[]},"_element_width":"auto","_position":"absolute","_offset_x":{"size":322,"unit":"px"},"_offset_y":{"size":195,"unit":"px"},"hide_tablet":"hidden-tablet","hide_mobile":"hidden-mobile"},"elements":[],"isInner":false,"widgetType":"icon","elType":"widget"}],"isInner":false,"elType":"column"},{"id":"5ebc2a8e","settings":{"_column_size":50,"_inline_size":60,"content_position":"center","margin":{"unit":"px","top":"0","right":"0","bottom":"0","left":"90","isLinked":false},"margin_mobile":{"unit":"px","top":"0","right":"0","bottom":"0","left":"0","isLinked":false}},"elements":[{"id":"1edec09d","settings":{"title":"The easiest way to<br> promote social media","align":"left","title_color":"#12141D","typography_typography":"custom","typography_font_family":"Montserrat","typography_font_size":{"unit":"px","size":38,"sizes":[]},"typography_font_weight":"700","typography_line_height":{"unit":"px","size":52,"sizes":[]},"typography_line_height_tablet":{"unit":"px","size":48,"sizes":[]},"typography_line_height_mobile":{"unit":"px","size":40,"sizes":[]},"_margin":{"unit":"px","top":"0","right":"0","bottom":"0","left":"0","isLinked":false},"align_mobile":"center","typography_font_size_tablet":{"unit":"px","size":35,"sizes":[]},"typography_font_size_mobile":{"unit":"px","size":30,"sizes":[]},"_margin_mobile":{"unit":"px","top":"10","right":"0","bottom":"0","left":"0","isLinked":false}},"elements":[],"isInner":false,"widgetType":"heading","elType":"widget"},{"id":"2d93082c","settings":{"selected_icon":{"value":"","library":""},"title_text":"Build A Community","description_text":"Community building is a field of practices directed toward the creation or enhancement of community among individuals.","text_align":"left","text_align_mobile":"center","title_bottom_space":{"unit":"px","size":5,"sizes":[]},"title_color":"#12141D","title_typography_typography":"custom","title_typography_font_family":"Montserrat","title_typography_font_size":{"unit":"px","size":20,"sizes":[]},"title_typography_font_weight":"600","description_color":"#41434A","description_typography_typography":"custom","description_typography_font_family":"Inter","description_typography_font_size":{"unit":"px","size":18,"sizes":[]},"description_typography_font_weight":"400","_margin":{"unit":"px","top":"10","right":"0","bottom":"0","left":"0","isLinked":false}},"elements":[],"isInner":false,"widgetType":"icon-box","elType":"widget"},{"id":"1d27cb32","settings":{"selected_icon":{"value":"","library":""},"title_text":"Video & Live Streaming","description_text":"Connect your audio and video sources. This involves on audio and video sources to your main live streaming setup.","text_align":"left","text_align_mobile":"center","title_bottom_space":{"unit":"px","size":5,"sizes":[]},"title_color":"#12141D","title_typography_typography":"custom","title_typography_font_family":"Montserrat","title_typography_font_size":{"unit":"px","size":20,"sizes":[]},"title_typography_font_weight":"600","description_color":"#41434A","description_typography_typography":"custom","description_typography_font_family":"Inter","description_typography_font_size":{"unit":"px","size":18,"sizes":[]},"description_typography_font_weight":"400","_margin":{"unit":"px","top":"10","right":"0","bottom":"0","left":"0","isLinked":false}},"elements":[],"isInner":false,"widgetType":"icon-box","elType":"widget"}],"isInner":false,"elType":"column"}],"isInner":false,"elType":"section"},{"id":"39deb609","settings":{"content_width":{"unit":"px","size":1200,"sizes":[]},"padding":{"unit":"px","top":"60","right":"0","bottom":"60","left":"0","isLinked":false}},"elements":[{"id":"5fac99a9","settings":{"_column_size":100,"_inline_size":null,"padding":{"unit":"px","top":"0","right":"0","bottom":"0","left":"0","isLinked":true}},"elements":[{"id":"1a8f5b4","settings":{"title":"Choose a plan that<br> works for you","align":"center","title_color":"#12141D","typography_typography":"custom","typography_font_family":"Montserrat","typography_font_size":{"unit":"px","size":38,"sizes":[]},"typography_font_weight":"700","typography_line_height":{"unit":"px","size":52,"sizes":[]},"typography_line_height_tablet":{"unit":"px","size":48,"sizes":[]},"typography_line_height_mobile":{"unit":"px","size":40,"sizes":[]},"_margin":{"unit":"px","top":"0","right":"0","bottom":"0","left":"0","isLinked":false},"typography_font_size_tablet":{"unit":"px","size":35,"sizes":[]},"typography_font_size_mobile":{"unit":"px","size":30,"sizes":[]}},"elements":[],"isInner":false,"widgetType":"heading","elType":"widget"},{"id":"6a52fadf","settings":{"content_width":{"unit":"px","size":1200,"sizes":[]},"structure":"30","margin":{"unit":"px","top":"50","right":0,"bottom":"50","left":0,"isLinked":true},"margin_mobile":{"unit":"px","top":"10","right":0,"bottom":"0","left":0,"isLinked":false},"padding":{"unit":"px","top":"0","right":"0","bottom":"0","left":"0","isLinked":true},"padding_tablet":{"unit":"px","top":"0","right":"0","bottom":"0","left":"0","isLinked":true}},"elements":[{"id":"3f01af87","settings":{"_column_size":33,"_inline_size":null,"background_background":"classic","background_color":"#E5EEF5","border_radius":{"unit":"px","top":"20","right":"20","bottom":"20","left":"20","isLinked":true},"margin":{"unit":"px","top":"0","right":"20","bottom":"0","left":"0","isLinked":false},"margin_tablet":{"unit":"px","top":"0","right":"10","bottom":"0","left":"10","isLinked":false},"margin_mobile":{"unit":"px","top":"0","right":"10","bottom":"0","left":"10","isLinked":false},"padding":{"unit":"px","top":"50","right":"50","bottom":"50","left":"50","isLinked":true}},"elements":[{"id":"492b51ae","settings":{"title":"Starter","header_size":"h3","title_color":"#12141D","typography_typography":"custom","typography_font_family":"Inter","typography_font_size":{"unit":"px","size":18,"sizes":[]},"typography_font_weight":"500"},"elements":[],"isInner":false,"widgetType":"heading","elType":"widget"},{"id":"13b9e6a9","settings":{"title":"<span style=\"font-size:20px; font-weight:500;\">$ <\/span>5.00","header_size":"h3","title_color":"#12141D","typography_typography":"custom","typography_font_family":"Montserrat","typography_font_size":{"unit":"px","size":45,"sizes":[]},"typography_font_weight":"700"},"elements":[],"isInner":false,"widgetType":"heading","elType":"widget"},{"id":"1c5aab7a","settings":{"editor":"Per Month","text_color":"#41434A","typography_typography":"custom","typography_font_family":"Inter","typography_font_size":{"unit":"px","size":16,"sizes":[]},"typography_font_weight":"400"},"elements":[],"isInner":false,"widgetType":"text-editor","elType":"widget"},{"id":"51cb10ef","settings":{"text":"Divider","color":"#D2D2D287","gap":{"unit":"px","size":5,"sizes":[]}},"elements":[],"isInner":false,"widgetType":"divider","elType":"widget"},{"id":"1c713fe8","settings":{"icon_list":[{"text":"3 Social Media Accounts","selected_icon":{"value":"fas fa-check-circle","library":"fa-solid"},"_id":"9fa6dc3"},{"text":"Free Platform Access","selected_icon":{"value":"fas fa-check-circle","library":"fa-solid"},"_id":"cb7ef3b"},{"text":"24\/7 Custom Support","selected_icon":{"value":"fas fa-check-circle","library":"fa-solid"},"_id":"c42d5b2"}],"space_between":{"unit":"px","size":8,"sizes":[]},"icon_color":"#86E7B8","icon_size":{"unit":"px","size":16,"sizes":[]},"text_color":"#12141D","text_indent":{"unit":"px","size":8,"sizes":[]},"icon_typography_typography":"custom","icon_typography_font_family":"Inter","icon_typography_font_size":{"unit":"px","size":16,"sizes":[]},"icon_typography_font_weight":"500"},"elements":[],"isInner":false,"widgetType":"icon-list","elType":"widget"},{"id":"234a7b2b","settings":{"text":"Get Started","typography_typography":"custom","typography_font_family":"Inter","typography_font_size":{"unit":"px","size":16,"sizes":[]},"typography_font_weight":"500","button_text_color":"#12141D","background_color":"#FFFFFF00","hover_animation":"float","border_border":"solid","border_width":{"unit":"px","top":"2","right":"2","bottom":"2","left":"2","isLinked":true},"border_color":"#12141D","border_radius":{"unit":"px","top":"5","right":"5","bottom":"5","left":"5","isLinked":true},"_margin":{"unit":"px","top":"20","right":"0","bottom":"0","left":"0","isLinked":false},"_padding":{"unit":"px","top":"0","right":"0","bottom":"0","left":"0","isLinked":true},"custom_css":"selector .elementor-button{\n    box-shadow: none;\n}"},"elements":[],"isInner":false,"widgetType":"button","elType":"widget"}],"isInner":true,"elType":"column"},{"id":"6d01e2b3","settings":{"_column_size":33,"_inline_size":null,"background_background":"classic","background_color":"#12141D","border_radius":{"unit":"px","top":"20","right":"20","bottom":"20","left":"20","isLinked":true},"margin":{"unit":"px","top":"0","right":"11","bottom":"0","left":"10","isLinked":false},"margin_tablet":{"unit":"px","top":"0","right":"5","bottom":"0","left":"5","isLinked":false},"margin_mobile":{"unit":"px","top":"10","right":"10","bottom":"0","left":"10","isLinked":false},"padding":{"unit":"px","top":"50","right":"50","bottom":"50","left":"50","isLinked":true}},"elements":[{"id":"74fb7b19","settings":{"title":"Starter","header_size":"h3","title_color":"#FFFFFF","typography_typography":"custom","typography_font_family":"Inter","typography_font_size":{"unit":"px","size":18,"sizes":[]},"typography_font_weight":"500"},"elements":[],"isInner":false,"widgetType":"heading","elType":"widget"},{"id":"2cbc3b8b","settings":{"title":"<span style=\"font-size:20px; font-weight:500;\">$ <\/span>45.00","header_size":"h3","title_color":"#FFFFFF","typography_typography":"custom","typography_font_family":"Montserrat","typography_font_size":{"unit":"px","size":45,"sizes":[]},"typography_font_weight":"700"},"elements":[],"isInner":false,"widgetType":"heading","elType":"widget"},{"id":"59e2469c","settings":{"editor":"Per Month","text_color":"#FFFFFF","typography_typography":"custom","typography_font_family":"Inter","typography_font_size":{"unit":"px","size":16,"sizes":[]},"typography_font_weight":"400"},"elements":[],"isInner":false,"widgetType":"text-editor","elType":"widget"},{"id":"12e858aa","settings":{"text":"Divider","color":"#D2D2D22B","gap":{"unit":"px","size":5,"sizes":[]}},"elements":[],"isInner":false,"widgetType":"divider","elType":"widget"},{"id":"670dc319","settings":{"icon_list":[{"text":"5 Social Media Accounts","selected_icon":{"value":"fas fa-check-circle","library":"fa-solid"},"_id":"9fa6dc3"},{"text":"Free Platform Access","selected_icon":{"value":"fas fa-check-circle","library":"fa-solid"},"_id":"cb7ef3b"},{"text":"24\/7 Custom Support","selected_icon":{"value":"fas fa-check-circle","library":"fa-solid"},"_id":"c42d5b2"}],"space_between":{"unit":"px","size":8,"sizes":[]},"icon_color":"#86E7B8","icon_size":{"unit":"px","size":16,"sizes":[]},"text_color":"#FFFFFF","text_indent":{"unit":"px","size":8,"sizes":[]},"icon_typography_typography":"custom","icon_typography_font_family":"Inter","icon_typography_font_size":{"unit":"px","size":16,"sizes":[]},"icon_typography_font_weight":"500"},"elements":[],"isInner":false,"widgetType":"icon-list","elType":"widget"},{"id":"1dfee56e","settings":{"text":"Get Started","typography_typography":"custom","typography_font_family":"Inter","typography_font_size":{"unit":"px","size":16,"sizes":[]},"typography_font_weight":"500","button_text_color":"#12141D","background_color":"#FFFFFF","hover_animation":"float","border_border":"solid","border_width":{"unit":"px","top":"2","right":"2","bottom":"2","left":"2","isLinked":true},"border_color":"#FFFFFF","border_radius":{"unit":"px","top":"5","right":"5","bottom":"5","left":"5","isLinked":true},"_margin":{"unit":"px","top":"20","right":"0","bottom":"0","left":"0","isLinked":false},"_padding":{"unit":"px","top":"0","right":"0","bottom":"0","left":"0","isLinked":true},"custom_css":"selector .elementor-button{\n    box-shadow: none;\n}"},"elements":[],"isInner":false,"widgetType":"button","elType":"widget"}],"isInner":true,"elType":"column"},{"id":"374b2dd5","settings":{"_column_size":33,"_inline_size":null,"background_background":"classic","background_color":"#E5EEF5","border_radius":{"unit":"px","top":"20","right":"20","bottom":"20","left":"20","isLinked":true},"margin":{"unit":"px","top":"0","right":"0","bottom":"0","left":"20","isLinked":false},"margin_tablet":{"unit":"px","top":"0","right":"10","bottom":"0","left":"10","isLinked":false},"margin_mobile":{"unit":"px","top":"10","right":"10","bottom":"0","left":"10","isLinked":false},"padding":{"unit":"px","top":"50","right":"50","bottom":"50","left":"50","isLinked":true}},"elements":[{"id":"41810bec","settings":{"title":"Starter","header_size":"h3","title_color":"#12141D","typography_typography":"custom","typography_font_family":"Inter","typography_font_size":{"unit":"px","size":18,"sizes":[]},"typography_font_weight":"500"},"elements":[],"isInner":false,"widgetType":"heading","elType":"widget"},{"id":"71fe68ca","settings":{"title":"<span style=\"font-size:20px; font-weight:500;\">$ <\/span>195.00","header_size":"h3","title_color":"#12141D","typography_typography":"custom","typography_font_family":"Montserrat","typography_font_size":{"unit":"px","size":45,"sizes":[]},"typography_font_weight":"700"},"elements":[],"isInner":false,"widgetType":"heading","elType":"widget"},{"id":"6321f3ed","settings":{"editor":"Per Month","text_color":"#41434A","typography_typography":"custom","typography_font_family":"Inter","typography_font_size":{"unit":"px","size":16,"sizes":[]},"typography_font_weight":"400"},"elements":[],"isInner":false,"widgetType":"text-editor","elType":"widget"},{"id":"155e06c0","settings":{"text":"Divider","color":"#D2D2D287","gap":{"unit":"px","size":5,"sizes":[]}},"elements":[],"isInner":false,"widgetType":"divider","elType":"widget"},{"id":"12263440","settings":{"icon_list":[{"text":"5 Social Media Accounts","selected_icon":{"value":"fas fa-check-circle","library":"fa-solid"},"_id":"9fa6dc3"},{"text":"Free Platform Access","selected_icon":{"value":"fas fa-check-circle","library":"fa-solid"},"_id":"cb7ef3b"},{"text":"24\/7 Custom Support","selected_icon":{"value":"fas fa-check-circle","library":"fa-solid"},"_id":"c42d5b2"}],"space_between":{"unit":"px","size":8,"sizes":[]},"icon_color":"#86E7B8","icon_size":{"unit":"px","size":16,"sizes":[]},"text_color":"#12141D","text_indent":{"unit":"px","size":8,"sizes":[]},"icon_typography_typography":"custom","icon_typography_font_family":"Inter","icon_typography_font_size":{"unit":"px","size":16,"sizes":[]},"icon_typography_font_weight":"500"},"elements":[],"isInner":false,"widgetType":"icon-list","elType":"widget"},{"id":"4f724135","settings":{"text":"Get Started","typography_typography":"custom","typography_font_family":"Inter","typography_font_size":{"unit":"px","size":16,"sizes":[]},"typography_font_weight":"500","button_text_color":"#12141D","background_color":"#FFFFFF00","hover_animation":"float","border_border":"solid","border_width":{"unit":"px","top":"2","right":"2","bottom":"2","left":"2","isLinked":true},"border_color":"#12141D","border_radius":{"unit":"px","top":"5","right":"5","bottom":"5","left":"5","isLinked":true},"_margin":{"unit":"px","top":"20","right":"0","bottom":"0","left":"0","isLinked":false},"_padding":{"unit":"px","top":"0","right":"0","bottom":"0","left":"0","isLinked":true},"custom_css":"selector .elementor-button{\n    box-shadow: none;\n}"},"elements":[],"isInner":false,"widgetType":"button","elType":"widget"}],"isInner":true,"elType":"column"}],"isInner":true,"elType":"section"},{"id":"6f7f4ef","settings":{"content_width":{"unit":"px","size":1200,"sizes":[]},"gap_columns_custom":{"unit":"px","size":0,"sizes":[]},"structure":"20","margin_mobile":{"unit":"px","top":"20","right":0,"bottom":"20","left":0,"isLinked":true},"padding":{"unit":"px","top":"60","right":"0","bottom":"60","left":"0","isLinked":false},"padding_tablet":{"unit":"px","top":"0","right":"0","bottom":"0","left":"20","isLinked":false}},"elements":[{"id":"2279122b","settings":{"_column_size":50,"_inline_size":null,"margin":{"unit":"px","top":"0","right":"100","bottom":"0","left":"0","isLinked":false},"margin_tablet":{"unit":"px","top":"0","right":"50","bottom":"0","left":"0","isLinked":false},"padding":{"unit":"px","top":"0","right":"0","bottom":"0","left":"0","isLinked":true}},"elements":[{"id":"6ce5e8a2","settings":{"title":"Q. What support and service package are available?","header_size":"h3","title_color":"#12141D","typography_typography":"custom","typography_font_family":"Inter","typography_font_size":{"unit":"px","size":20,"sizes":[]},"typography_font_weight":"600","_margin":{"unit":"px","top":"0","right":"0","bottom":"10","left":"0","isLinked":false}},"elements":[],"isInner":false,"widgetType":"heading","elType":"widget"},{"id":"b93d9f8","settings":{"editor":"Lorem ipsum dolor sit amet, consectetur adipiscing elit. Pharetra eu gravida et justo, ac morbi vitae vitae, purus. Donec sit massa odio elit volutpat ut et.","text_color":"#41434A","typography_typography":"custom","typography_font_family":"Inter","typography_font_size":{"unit":"px","size":16,"sizes":[]},"typography_font_weight":"400"},"elements":[],"isInner":false,"widgetType":"text-editor","elType":"widget"},{"id":"2845b305","settings":{"title":"Q. How long will I have access to the service?","header_size":"h3","title_color":"#12141D","typography_typography":"custom","typography_font_family":"Inter","typography_font_size":{"unit":"px","size":20,"sizes":[]},"typography_font_weight":"600","_margin":{"unit":"px","top":"30","right":"0","bottom":"10","left":"0","isLinked":false},"_margin_mobile":{"unit":"px","top":"0","right":"0","bottom":"0","left":"0","isLinked":false}},"elements":[],"isInner":false,"widgetType":"heading","elType":"widget"},{"id":"11f8045e","settings":{"editor":"Lorem ipsum dolor sit amet, consectetur adipiscing elit. Pharetra eu gravida et justo, ac morbi vitae vitae, purus. Donec sit massa odio elit volutpat ut et.","text_color":"#41434A","typography_typography":"custom","typography_font_family":"Inter","typography_font_size":{"unit":"px","size":16,"sizes":[]},"typography_font_weight":"400"},"elements":[],"isInner":false,"widgetType":"text-editor","elType":"widget"}],"isInner":true,"elType":"column"},{"id":"38047af0","settings":{"_column_size":50,"_inline_size":null,"margin":{"unit":"px","top":"0","right":"0","bottom":"0","left":"100","isLinked":false},"margin_tablet":{"unit":"px","top":"0","right":"0","bottom":"0","left":"50","isLinked":false},"margin_mobile":{"unit":"px","top":"40","right":"0","bottom":"0","left":"0","isLinked":false},"padding":{"unit":"px","top":"0","right":"0","bottom":"0","left":"0","isLinked":true}},"elements":[{"id":"4e4f026","settings":{"title":"Q. How can I make the payment?","header_size":"h3","title_color":"#12141D","typography_typography":"custom","typography_font_family":"Inter","typography_font_size":{"unit":"px","size":20,"sizes":[]},"typography_font_weight":"600","_margin":{"unit":"px","top":"0","right":"0","bottom":"10","left":"0","isLinked":false}},"elements":[],"isInner":false,"widgetType":"heading","elType":"widget"},{"id":"6d607c89","settings":{"editor":"Lorem ipsum dolor sit amet, consectetur adipiscing elit. Pharetra eu gravida et justo, ac morbi vitae vitae, purus. Donec sit massa odio elit volutpat ut et.","text_color":"#41434A","typography_typography":"custom","typography_font_family":"Inter","typography_font_size":{"unit":"px","size":16,"sizes":[]},"typography_font_weight":"400"},"elements":[],"isInner":false,"widgetType":"text-editor","elType":"widget"},{"id":"6898248d","settings":{"title":"Q. Do you provide any refund?","header_size":"h3","title_color":"#12141D","typography_typography":"custom","typography_font_family":"Inter","typography_font_size":{"unit":"px","size":20,"sizes":[]},"typography_font_weight":"600","_margin":{"unit":"px","top":"30","right":"0","bottom":"10","left":"0","isLinked":false},"_margin_mobile":{"unit":"px","top":"0","right":"0","bottom":"0","left":"0","isLinked":false}},"elements":[],"isInner":false,"widgetType":"heading","elType":"widget"},{"id":"6e946324","settings":{"editor":"Lorem ipsum dolor sit amet, consectetur adipiscing elit. Pharetra eu gravida et justo, ac morbi vitae vitae, purus. Donec sit massa odio elit volutpat ut et.","text_color":"#41434A","typography_typography":"custom","typography_font_family":"Inter","typography_font_size":{"unit":"px","size":16,"sizes":[]},"typography_font_weight":"400"},"elements":[],"isInner":false,"widgetType":"text-editor","elType":"widget"}],"isInner":true,"elType":"column"}],"isInner":true,"elType":"section"}],"isInner":false,"elType":"column"}],"isInner":false,"elType":"section"},{"id":"e1c87d1","settings":{"content_width":{"unit":"px","size":1200,"sizes":[]},"background_background":"classic","background_color":"#F1DFD5","padding":{"unit":"px","top":"60","right":"0","bottom":"60","left":"0","isLinked":false}},"elements":[{"id":"cc417f","settings":{"_column_size":100,"_inline_size":null},"elements":[{"id":"1e51dfc4","settings":{"title":"Give our users a<br> great experience","align":"center","title_color":"#12141D","typography_typography":"custom","typography_font_family":"Montserrat","typography_font_size":{"unit":"px","size":38,"sizes":[]},"typography_font_weight":"700","typography_line_height":{"unit":"px","size":52,"sizes":[]},"typography_line_height_tablet":{"unit":"px","size":48,"sizes":[]},"typography_line_height_mobile":{"unit":"px","size":40,"sizes":[]},"_margin":{"unit":"px","top":"0","right":"0","bottom":"0","left":"0","isLinked":false},"typography_font_size_tablet":{"unit":"px","size":35,"sizes":[]},"typography_font_size_mobile":{"unit":"px","size":30,"sizes":[]}},"elements":[],"isInner":false,"widgetType":"heading","elType":"widget"},{"id":"4c95f52e","settings":{"content_width":{"unit":"px","size":1200,"sizes":[]},"structure":"30","padding":{"unit":"px","top":"40","right":"0","bottom":"60","left":"0","isLinked":false}},"elements":[{"id":"65c22041","settings":{"_column_size":33,"_inline_size":null,"content_position":"space-between","background_background":"classic","background_color":"#FFFFFF","border_radius":{"unit":"px","top":"10","right":"10","bottom":"10","left":"10","isLinked":true},"margin":{"unit":"px","top":"0","right":"20","bottom":"0","left":"0","isLinked":false},"margin_mobile":{"unit":"px","top":"0","right":"0","bottom":"0","left":"0","isLinked":false},"padding":{"unit":"px","top":"30","right":"30","bottom":"30","left":"30","isLinked":true}},"elements":[{"id":"d98f35e","settings":{"blockquote_content":"\"They are able to help a startup like mine scale and are very responsive to all of our unique needs.\"","author_name":"","tweet_button":"","tweet_button_label":"Tweet","content_text_color":"#12141D","content_typography_typography":"custom","content_typography_font_family":"Inter","content_typography_font_size":{"unit":"px","size":18,"sizes":[]},"content_typography_line_height":{"unit":"px","size":28,"sizes":[]},"content_typography_line_height_tablet":{"unit":"px","size":"","sizes":[]},"content_typography_line_height_mobile":{"unit":"px","size":"","sizes":[]},"border_color":"#EFC0A6","border_width":{"unit":"px","size":8,"sizes":[]},"border_gap":{"unit":"px","size":15,"sizes":[]},"border_vertical_padding":{"unit":"px","size":0,"sizes":[]},"quote_text_color":"#EFC0A6","quote_gap":{"unit":"px","size":15,"sizes":[]}},"elements":[],"isInner":false,"widgetType":"blockquote","elType":"widget"},{"id":"21d6e0a3","settings":{"image":{"url":"https:\/\/www.utilizewp.com\/wp-content\/uploads\/2022\/04\/testimonial-1.jpg","id":4696,"alt":"","source":"library"},"title_text":"Joko Anwar","description_text":"CEO, Sekutu","position":"left","image_size":{"unit":"%","size":22,"sizes":[]},"image_border_radius":{"unit":"%","size":50,"sizes":[]},"image_border_radius_tablet":{"unit":"%","size":"","sizes":[]},"image_border_radius_mobile":{"unit":"%","size":"","sizes":[]},"content_vertical_alignment":"middle","title_color":"#12141D","title_typography_typography":"custom","title_typography_font_family":"Inter","title_typography_font_size":{"unit":"px","size":16,"sizes":[]},"title_typography_font_weight":"600","description_color":"#41434A","description_typography_typography":"custom","description_typography_font_family":"Inter","description_typography_font_size":{"unit":"px","size":14,"sizes":[]},"description_typography_font_weight":"400","description_typography_line_height":{"unit":"px","size":24,"sizes":[]},"description_typography_line_height_tablet":{"unit":"px","size":"","sizes":[]},"description_typography_line_height_mobile":{"unit":"px","size":"","sizes":[]},"_margin":{"unit":"px","top":"20","right":"0","bottom":"0","left":"0","isLinked":false}},"elements":[],"isInner":false,"widgetType":"image-box","elType":"widget"}],"isInner":true,"elType":"column"},{"id":"67f0fcc7","settings":{"_column_size":33,"_inline_size":null,"content_position":"space-between","background_background":"classic","background_color":"#FFFFFF","border_radius":{"unit":"px","top":"10","right":"10","bottom":"10","left":"10","isLinked":true},"margin":{"unit":"px","top":"0","right":"10","bottom":"0","left":"10","isLinked":false},"margin_mobile":{"unit":"px","top":"10","right":"0","bottom":"0","left":"0","isLinked":false},"padding":{"unit":"px","top":"30","right":"30","bottom":"30","left":"30","isLinked":true}},"elements":[{"id":"bf7f55e","settings":{"blockquote_content":"\"Division of Labor\u2019s creative ideas were great, and working with their team was truly easy they were very responsive.\"","author_name":"","tweet_button":"","tweet_button_label":"Tweet","content_text_color":"#12141D","content_typography_typography":"custom","content_typography_font_family":"Inter","content_typography_font_size":{"unit":"px","size":18,"sizes":[]},"content_typography_line_height":{"unit":"px","size":28,"sizes":[]},"content_typography_line_height_tablet":{"unit":"px","size":"","sizes":[]},"content_typography_line_height_mobile":{"unit":"px","size":"","sizes":[]},"border_color":"#EFC0A6","border_width":{"unit":"px","size":8,"sizes":[]},"border_gap":{"unit":"px","size":15,"sizes":[]},"quote_text_color":"#EFC0A6","quote_gap":{"unit":"px","size":15,"sizes":[]}},"elements":[],"isInner":false,"widgetType":"blockquote","elType":"widget"},{"id":"55408dfb","settings":{"image":{"url":"https:\/\/www.utilizewp.com\/wp-content\/uploads\/2022\/12\/person-3.jpg","id":4869,"alt":"","source":"library"},"title_text":"Rini Wulandari","description_text":"Communication, Webglow","position":"left","image_size":{"unit":"%","size":22,"sizes":[]},"image_border_radius":{"unit":"%","size":50,"sizes":[]},"image_border_radius_tablet":{"unit":"%","size":"","sizes":[]},"image_border_radius_mobile":{"unit":"%","size":"","sizes":[]},"content_vertical_alignment":"middle","title_color":"#12141D","title_typography_typography":"custom","title_typography_font_family":"Inter","title_typography_font_size":{"unit":"px","size":16,"sizes":[]},"title_typography_font_weight":"600","description_color":"#41434A","description_typography_typography":"custom","description_typography_font_family":"Inter","description_typography_font_size":{"unit":"px","size":14,"sizes":[]},"description_typography_font_weight":"400","description_typography_line_height":{"unit":"px","size":24,"sizes":[]},"description_typography_line_height_tablet":{"unit":"px","size":"","sizes":[]},"description_typography_line_height_mobile":{"unit":"px","size":"","sizes":[]},"_margin":{"unit":"px","top":"20","right":"0","bottom":"0","left":"0","isLinked":false}},"elements":[],"isInner":false,"widgetType":"image-box","elType":"widget"}],"isInner":true,"elType":"column"},{"id":"bcbd921","settings":{"_column_size":33,"_inline_size":null,"content_position":"space-between","background_background":"classic","background_color":"#FFFFFF","border_radius":{"unit":"px","top":"10","right":"10","bottom":"10","left":"10","isLinked":true},"margin":{"unit":"px","top":"0","right":"0","bottom":"0","left":"20","isLinked":false},"margin_mobile":{"unit":"px","top":"10","right":"0","bottom":"0","left":"0","isLinked":false},"padding":{"unit":"px","top":"30","right":"30","bottom":"30","left":"30","isLinked":true}},"elements":[{"id":"3ecc6acc","settings":{"blockquote_content":"\"We were blown away when we saw Mixland. The combination of social, email, knowledge base, mobile, ets.\"","author_name":"","tweet_button":"","tweet_button_label":"Tweet","content_text_color":"#12141D","content_typography_typography":"custom","content_typography_font_family":"Inter","content_typography_font_size":{"unit":"px","size":18,"sizes":[]},"content_typography_line_height":{"unit":"px","size":28,"sizes":[]},"content_typography_line_height_tablet":{"unit":"px","size":"","sizes":[]},"content_typography_line_height_mobile":{"unit":"px","size":"","sizes":[]},"content_gap":{"unit":"px","size":0,"sizes":[]},"border_color":"#EFC0A6","border_width":{"unit":"px","size":8,"sizes":[]},"border_gap":{"unit":"px","size":15,"sizes":[]},"border_vertical_padding":{"unit":"px","size":0,"sizes":[]},"quote_text_color":"#EFC0A6","quote_gap":{"unit":"px","size":15,"sizes":[]}},"elements":[],"isInner":false,"widgetType":"blockquote","elType":"widget"},{"id":"45671ac4","settings":{"image":{"url":"https:\/\/www.utilizewp.com\/wp-content\/uploads\/2022\/04\/testimonial-2.jpg","id":4697,"alt":"","source":"library"},"title_text":"Doni Sudrajat","description_text":"Sales, Sony","position":"left","image_size":{"unit":"%","size":22,"sizes":[]},"image_border_radius":{"unit":"%","size":50,"sizes":[]},"image_border_radius_tablet":{"unit":"%","size":"","sizes":[]},"image_border_radius_mobile":{"unit":"%","size":"","sizes":[]},"content_vertical_alignment":"middle","title_color":"#12141D","title_typography_typography":"custom","title_typography_font_family":"Inter","title_typography_font_size":{"unit":"px","size":16,"sizes":[]},"title_typography_font_weight":"600","description_color":"#41434A","description_typography_typography":"custom","description_typography_font_family":"Inter","description_typography_font_size":{"unit":"px","size":14,"sizes":[]},"description_typography_font_weight":"400","description_typography_line_height":{"unit":"px","size":24,"sizes":[]},"description_typography_line_height_tablet":{"unit":"px","size":"","sizes":[]},"description_typography_line_height_mobile":{"unit":"px","size":"","sizes":[]},"_margin":{"unit":"px","top":"20","right":"0","bottom":"0","left":"0","isLinked":false}},"elements":[],"isInner":false,"widgetType":"image-box","elType":"widget"}],"isInner":true,"elType":"column"}],"isInner":true,"elType":"section"}],"isInner":false,"elType":"column"}],"isInner":false,"elType":"section"},{"id":"18a81fad","settings":{"content_width":{"unit":"px","size":1200,"sizes":[]},"padding":{"unit":"px","top":"60","right":"0","bottom":"60","left":"0","isLinked":false}},"elements":[{"id":"56b49bbf","settings":{"_column_size":100,"_inline_size":null,"background_background":"classic","background_color":"#86E7B8","border_radius":{"unit":"px","top":"30","right":"30","bottom":"30","left":"30","isLinked":true},"margin_tablet":{"unit":"px","top":"0","right":"20","bottom":"0","left":"20","isLinked":false},"padding":{"unit":"px","top":"60","right":"0","bottom":"60","left":"0","isLinked":false}},"elements":[{"id":"28c88840","settings":{"title":"Want to talk to a<br> marketing expert?","align":"center","title_color":"#12141D","typography_typography":"custom","typography_font_family":"Montserrat","typography_font_size":{"unit":"px","size":38,"sizes":[]},"typography_font_weight":"700","typography_line_height":{"unit":"px","size":52,"sizes":[]},"typography_line_height_tablet":{"unit":"px","size":48,"sizes":[]},"typography_line_height_mobile":{"unit":"px","size":40,"sizes":[]},"_margin":{"unit":"px","top":"0","right":"0","bottom":"0","left":"0","isLinked":false},"typography_font_size_tablet":{"unit":"px","size":35,"sizes":[]},"typography_font_size_mobile":{"unit":"px","size":30,"sizes":[]}},"elements":[],"isInner":false,"widgetType":"heading","elType":"widget"},{"id":"1806ef73","settings":{"text":"Contact Us","align":"center","typography_typography":"custom","typography_font_family":"Inter","typography_font_size":{"unit":"px","size":16,"sizes":[]},"typography_font_weight":"500","button_text_color":"#FFFFFF","background_color":"#12141D","hover_animation":"float","border_border":"solid","border_width":{"unit":"px","top":"2","right":"2","bottom":"2","left":"2","isLinked":true},"border_color":"#12141D","border_radius":{"unit":"px","top":"5","right":"5","bottom":"5","left":"5","isLinked":true},"_margin":{"unit":"px","top":"20","right":"0","bottom":"0","left":"0","isLinked":false},"_padding":{"unit":"px","top":"0","right":"0","bottom":"0","left":"0","isLinked":true},"custom_css":"selector .elementor-button{\n    box-shadow: none;\n}"},"elements":[],"isInner":false,"widgetType":"button","elType":"widget"},{"id":"4e8e8fe1","settings":{"selected_icon":{"value":{"url":"https:\/\/www.utilizewp.com\/wp-content\/uploads\/2023\/01\/Vector-14.svg","id":5164},"library":"svg"},"size":{"unit":"px","size":200,"sizes":[]},"_element_width":"auto","_position":"absolute","_offset_x":{"size":721,"unit":"px"},"_offset_y":{"size":80,"unit":"px"},"hide_tablet":"hidden-tablet","hide_mobile":"hidden-mobile"},"elements":[],"isInner":false,"widgetType":"icon","elType":"widget"}],"isInner":false,"elType":"column"}],"isInner":false,"elType":"section"}],"page_settings":{"background_background":"classic","background_color":"#FFFFFF"},"version":"0.4","title":"Partai Sosmed","type":"page"}